username,text,date,
ExpressoPB,"Radialista sofre tentativa de assalto em Jo√£o Pessoa, na¬†PB https://t.co/RcRUlEWdiO https://t.co/sJQQ32UmDd",2019-05-16 14:32:49 UTC,
andr√© vitor,Voltei para as estat√≠sticas de assalto no RJ depois de 13 anos,2019-05-16 14:30:27 UTC,
g.a.b.r.i.e.l.,@manuelcrvg98 e o assalto da crian√ßa de 8 anos n√£o fez nada ü§¶üèª‚Äç‚ôÇÔ∏è,2019-05-16 14:29:47 UTC,
amaury secundino,"ASSALTANTE MORRE DURANTE ASSALTO, ELE FOI MORTO PELA VITIMA UM IDOSO DE 63 ANOS. https://t.co/5IItM1Ac7o",2019-05-16 14:29:32 UTC,
Guilherme,Idoso reage a assalto e mata bandido em Cajazeiras/PB - Blog do M√°rcio Rangel https://t.co/6f1R3E9ACz,2019-05-16 14:27:29 UTC,
Vilmar,"Esse cara ai!!!Ele faz assalto em banco,e passa drogas na comunidade e faz planos para sequestros. https://t.co/Rkmdq4fWkd",2019-05-16 14:27:16 UTC,
Portal Nayn Neto,Idoso reage a assalto e mata suspeito com tiro na¬†cabe√ßa https://t.co/fVqbeXyYvv https://t.co/bpgVd6AtJy,2019-05-16 14:26:12 UTC,
Seguran√ßa Maranh√£o,Rotam em a√ß√£o prende suspeitos de praticar assalto em UBER https://t.co/UYthGd9UsH https://t.co/hwn2b89B4K,2019-05-16 14:25:06 UTC,
Barraportal,Idoso mata suspeito de tentativa de assalto no Sert√£o da PB - https://t.co/3niYDFFC3v,2019-05-16 14:17:21 UTC,
Guia Pernambuco,"Idoso reage a assalto e mata suspeito com tiro na cabe√ßa, no Sert√£o da¬†PB https://t.co/gkDFXCI5SV https://t.co/OtJ7Uaye0m",2019-05-16 14:17:13 UTC,
Candeias News,H√≥spede √© baleado durante assalto em flat na regi√£o do Iguatemi,¬†v√≠deo https://t.co/X11gRJdsKf https://t.co/isd8D8un2q,2019-05-16 14:14:08 UTC
Diga Salvador,H√≥spede √© baleado em sagu√£o de flat durante assalto - https://t.co/mHT55SCjgz https://t.co/qa7YJalgzS,2019-05-16 14:06:02 UTC,
Livramento Hoje,Gerente de Loja de Cal√ßados em Livramento √© baleado durante assalto a hotel em Salvador  - Leia mais: https://t.co/QHR3LWpftq,2019-05-16 14:03:47 UTC,
Expedito Leite,"Idoso reage a assalto e mata suspeito com tiro na cabe√ßa, no Sert√£o https://t.co/fON4lcZBTm",2019-05-16 14:02:17 UTC,
JOJOJOIA - JOELMA,"Idoso reage a assalto e mata suspeito com tiro na cabe√ßa, no Sert√£o da¬†Para√≠ba https://t.co/kxUqUlvNnp https://t.co/pzcaMh3Lgl",2019-05-16 13:58:39 UTC,
SAJ BAHIA INFORMA,Turista √© baleado ap√≥s tentativa de assalto dentro de hotel em Salvador, assista https://t.co/dnN0cKkzo2,2019-05-16 13:53:36 UTC
DDD√©rby Azul,"Oq eu sei de histologia:
Conte√∫do:üëé
Assalto q a profe sofreu a uns 2 anos:üëç",2019-05-16 13:45:23 UTC,
iludida,"Ap√≥s o assalto, a aluna ainda foi multilada ao sofrer corte com o papel",2019-05-16 13:44:29 UTC,
Aline,"assalto aqui na porta da vila, essas merdas tem q morrer da pior forma tnc",2019-05-16 13:31:23 UTC,
PortalR3.com.br,Mulher sofre assalto sob amea√ßa de armas de fogo em¬†Pinda https://t.co/DAt9DXwrUl https://t.co/H7BFVnMDuj,2019-05-16 13:23:23 UTC,
Grupo Metr√≥pole,H√≥spede √© baleado durante assalto em flat na regi√£o do Iguatemi, v√≠deo https://t.co/0yp13aOdeg,2019-05-16 13:21:01 UTC
Hoyer Fotos ¬©,Tentativa de assalto termina com um morto e dois presos na Pra√ßa Seca https://t.co/12TuIGCGnJ,2019-05-16 13:19:55 UTC,
Guia Muria√©,PM recupera moto tomada de assalto e registra roubo a m√£o armada em Tocantins - https://t.co/hnEU66nTH8 #tocantins,2019-05-16 13:17:17 UTC,
G1 AP,Suspeitos de assalto a resid√™ncia s√£o presos ap√≥s abordagem a t√°xi na Zona Norte de Macap√° https://t.co/F8Wacu66S6,2019-05-16 13:08:28 UTC,
Informa1,"H√≥spede √© baleado durante assalto em hotel no Caminho das √Årvores, veja v√≠deo https://t.co/4u41TrRT8O",2019-05-16 12:50:01 UTC,
Jornal Floripa,Casal marca encontro para comprar joias e pratica assalto nesta manh√£ https://t.co/KL6H3h2IFH,2019-05-16 12:49:58 UTC,
G1 Para√≠ba,"Idoso reage a assalto e mata suspeito com tiro na cabe√ßa, no Sert√£o da PB, diz pol√≠cia https://t.co/NJryrYts8X",2019-05-16 12:48:29 UTC,
PortaldoCampoGrande,Criminosos armados fazem fam√≠lia ref√©m durante assalto em¬†Hortol√¢ndia https://t.co/cUG2IWJdK8 https://t.co/mHLowLEM7w,2019-05-16 12:42:24 UTC,
Portal A Verdade,Homem morre durante tentativa de assalto a empresa em Itatiba -  https://t.co/El4cj8ihE6 https://t.co/nyxkd5D8lh,2019-05-16 12:41:16 UTC,
tenente josemir,Assalto na loja do Carrefour no Cuiab√° https://t.co/bmNqW7ftvY,2019-05-16 12:37:01 UTC,
TNOnline,Casal marca encontro para comprar joias e pratica assalto nesta manh√£¬† https://t.co/OYjlvjtvHM https://t.co/GBUToVVTCr,2019-05-16 12:34:27 UTC,
Sistema MPA,Padaria √© alvo de assalto https://t.co/zcpfUspyg5,2019-05-16 12:29:41 UTC,
Portal Vis√£o Piau√≠,Pol√≠cia identifica autor de assalto em escola e que atirou pr√≥ximo a um posto de combust√≠vel https://t.co/NkvtOTjy3i,2019-05-16 12:29:19 UTC,
Portal Vis√£o Piau√≠,Autor do assalto a escola agrot√©cnica em Barras √© identificado pela Pol√≠cia Militar https://t.co/YYN1jICGUd,2019-05-16 12:29:19 UTC,
Kaboomga Videos,Assalto a banco em Fraiburgo https://t.co/fxMQF8C33j https://t.co/RxBKt3mhMY,2019-05-16 12:27:10 UTC,
Portal Vis√£o Piau√≠,PM atira em suspeito e impede assalto a idosa em Teresina https://t.co/qWHRlwatnx,2019-05-16 12:24:16 UTC,
Blog do Juares,Tr√™s casos de assalto com roubo de celular foram registrados no mesmo dia em Camaqu√£ https://t.co/O8neK7dvvt,2019-05-16 12:18:20 UTC,
Edvaldo Galv√£o,Tentativa de assalto acaba com bandido morto nas proximidades da torre na BR-316 em Bel√©m do S√£o Francisco https://t.co/DPJmDyEmX5,2019-05-16 12:14:01 UTC,
oliberal.com,Ind√≠cios apontam que policial foi v√≠tima de assalto. https://t.co/GVe8WVsIBt,2019-05-16 12:12:02 UTC,
leo,ta tendo um monte de assalto na unisul vou dizer q roubaram meu fichamento da marilha üëç,2019-05-16 12:07:56 UTC,
TNOnline,Caminhonete da prefeitura de Ortigueira √© levada durante assalto https://t.co/75Q5yb6IOm https://t.co/JE5iJGOP9F,2019-05-16 12:01:27 UTC,
Tardelli Pires,Soldado da PM √© baleado durante tentativa de assalto e mata suspeito https://t.co/RUAV7pMhAy https://t.co/sWEYo8DskQ,2019-05-16 11:59:41 UTC,
Tardelli Pires,"Idoso reage a assalto e mata um assaltante, no Sert√£o da Para√≠ba https://t.co/lcBfANltKE https://t.co/p1ak9gbyaa",2019-05-16 11:59:37 UTC,
REPORTERPB,Homem reage a assalto e mata bandido em Cajazeiras, Comparsa foi preso em a√ß√£o r√°pida da PM... https://t.co/QqlHVg1T7e,2019-05-16 11:56:29 UTC
G1 Bahia,H√≥spede √© baleado em sagu√£o de flat durante assalto em Salvador https://t.co/nkjoWbMn5G,2019-05-16 11:56:23 UTC,
Pereira Jr.,Homem reage a assalto e mata bandido em Cajazeiras, Comparsa foi preso em a√ß√£o r√°pida da PM... https://t.co/ajLUotuSia,2019-05-16 11:56:22 UTC
Portal Engeplus,"Fam√≠lia √© rendida e amea√ßada durante assalto a resid√™ncia em Crici√∫ma

https://t.co/2MjuvUDwo6",2019-05-16 11:55:00 UTC,
G1 Campinas,Criminosos armados fazem fam√≠lia ref√©m durante assalto em Hortol√¢ndia https://t.co/l8irYFZIrO,2019-05-16 11:54:10 UTC,
paraibaurgente1,Soldado da PM √© baleado durante tentativa de assalto e mata suspeito em Jo√£o Pessoa - https://t.co/6vH79yV4e4 https://t.co/3mQvuIcimM,2019-05-16 11:49:15 UTC,
CidadeVerde.com,PM atira em suspeito e impede assalto a idosa em Teresina #cidadeverde https://t.co/NhMc0yxW04,2019-05-16 11:41:22 UTC,
Jornal A Tribuna,Irm√£os imobilizam bandido que amea√ßou os pais em assalto em Peru√≠be https://t.co/lhvOwTf30N https://t.co/NiXyHkTZGA,2019-05-16 11:36:24 UTC,
radarpb,Bandido morre durante assalto e outro √© preso na zona rural de¬†Cajazeiras https://t.co/ryyI9WJFM2 https://t.co/5zxmaUylg5,2019-05-16 11:35:47 UTC,
BNews,Ladr√£o atira em turista durante assalto no hotel Iguatemi Business Flat, veja v√≠deo https://t.co/nDS4L9TLL2,2019-05-16 11:28:03 UTC
Jornal Correio,H√≥spede √© baleado durante assalto em hotel no Caminho das √Årvores https://t.co/4bRzfxiPnk https://t.co/IpAJCn3EPj,2019-05-16 11:27:07 UTC,
FALA PARA√çBA,Portal Lucena Informa: Idoso mata suspeito de tentativa de assalto em Caj... https://t.co/9wuTaOXnZj,2019-05-16 10:52:35 UTC,
L√©o Ferreira,Idoso mata suspeito de tentativa de assalto em Cajazeiras https://t.co/0YC1mLuYxm,2019-05-16 10:45:24 UTC,
L√©o Ferreira,Soldado da PM √© baleado durante tentativa de assalto e mata suspeito em Jo√£o Pessoa https://t.co/ydUCsNkJEj,2019-05-16 10:45:24 UTC,
Not√≠cias do RJ,Um bandido morre e dois s√£o presos durante assalto √† filial das Lojas Americanas #RJ https://t.co/bb73VLchvc,2019-05-16 10:20:27 UTC,
ExpressoPB,Policial reage a suposto assalto e mata bandido em Jo√£o¬†Pessoa https://t.co/veFbPiHCyb https://t.co/1Wc0OI134f,2019-05-16 10:14:07 UTC,
Jornal Meia Hora,O caso aconteceu em um estabelecimento que fica na principal rua da Pra√ßa Seca. #MeiaHora https://t.co/xolwc0gvCT,2019-05-16 10:09:13 UTC,
Rogerio Cesar,"Em S√£o Paulo, ladr√µes est√£o levando maquininha de cart√£o pra sacar na hora do assalto o dinheiro da v√≠tima. √â o c√∫mulo do absurdo.",2019-05-16 10:04:36 UTC,
F5 News,Ladr√µes roubam R$ 170 mil de homens durante assalto em Aracaju  https://t.co/iTpNoESJWK,2019-05-16 09:46:09 UTC,
Jornal O Dia,"Um bandido morre e dois s√£o presos durante assalto √† filial das Lojas Americanas

SAIBA + EM https://t.co/nLM1J8BP9l https://t.co/cP10TL8OYT",2019-05-16 09:32:40 UTC,
oblogdepianco.com.br,"O Blog de Pianc√≥: Em Cajazeiras, Idoso reage a assalto e mata um dos... https://t.co/d4bVhIBdt6",2019-05-16 09:24:59 UTC,
DANIEL MATADOR,"QUE SATISFA√á√ÉO, ASPIRA!!!
Imigrante senegal√™s reage a assalto e mata meliante a facadas em Porto Alegre. https://t.co/WWBKsB2fGs",2019-05-16 09:21:00 UTC,
G1 Para√≠ba,"Suspeito √© morto e PM fica ferido ap√≥s troca de tiros em tentativa de assalto, em Jo√£o Pessoa https://t.co/JZchZPNyWa",2019-05-16 09:10:29 UTC,
CAOS no RIO,üóû Tentativa de assalto termina com um morto e dois presos na Pra√ßa Seca https://t.co/ddK9t76rZv,2019-05-16 07:01:26 UTC,
Indica Jap√£o,"‚ÄòMe d√™ dinheiro, por favor‚Äô, voz de assalto na ag√™ncia dos Correios https://t.co/0AWsbkThKy",2019-05-16 05:57:12 UTC,
Blog do Edson Alves,BLOG DO EDSON ALVES | A Sua Rede de Not√≠cias: SUSPEITOS DE ASSALTO A BANCO NA BAHIA S√ÉO ACHADOS ... https://t.co/P62nMk0k5S,2019-05-16 05:37:12 UTC,
Adelton Alves,C√¢mera flagra quando policial reage a suposto assalto e mata bandido em Jo√£o Pessoa,¬†assista https://t.co/T8wqzhIjJo https://t.co/xulOSKIL2S,2019-05-16 04:40:37 UTC
Portal do Litoral PB,"Soldado da PM reage a tentativa de assalto, leva tiro e mata suspeito; Veja¬†v√≠deo https://t.co/bx3FTfiu9D https://t.co/LYOfJJVWR2",2019-05-16 04:22:21 UTC,
Portal T5,"V√≠deo: policial reage a suposto assalto e deixa suspeito morto, em Jo√£o Pessoa https://t.co/Gz6GDJzQjF https://t.co/gzd0zBvpE9",2019-05-16 04:17:03 UTC,
PL ü¶ã,Tentativa de assalto na Maragogi e eu des√ßo minha rua quase correndo e as meninas acham que √© engra√ßado  kkkk que √≥dio,2019-05-16 04:12:00 UTC,
Rio Guerra Civil,üö® Tentativa de assalto termina com um morto e dois presos na Pra√ßa Seca - https://t.co/1f8aMbZVQB https://t.co/1f8aMbZVQB,2019-05-16 04:02:06 UTC,
Bruno Alvarez,Pol√≠cia prende integrante de grupo que matou dois durante assalto a √¥nibus na Via Dutra - O DIA https://t.co/dxhyHHRVlN,2019-05-16 03:28:03 UTC,
gabriellinha,o cara armou um assalto para assassinar a mulher. 3 tiros na cabe√ßa e 12 anos para ser condenado.,2019-05-16 03:21:47 UTC,
camilly.,e o outro que fingiu um assalto e deu 3 tiros na cabe√ßa da mulher pq ela terminou c ele...??????,2019-05-16 03:20:17 UTC,
Frank Eler Soares Re,ITAMARAJU | Criminoso em moto realiza assalto a¬†pedestre https://t.co/mQl77K6kgS https://t.co/WKzrjAo9hs,2019-05-16 03:01:26 UTC,
Di√°rio do Par√°,Rodovi√°rios e passageiros de √¥nibus s√£o v√≠timas de assalto e protestam. Veja! https://t.co/SBYY0Mp3I6 https://t.co/cXOMj2IveF,2019-05-16 02:42:34 UTC,
Roberta,"@ArthurrOenning Ta tendo assalto direto ali, no estacionamento do Vis√£o tamb√©m, isso que no Vis√£o tem c√¢mera e seguran√ßa ta",2019-05-16 02:42:18 UTC,
Noticias capixabas,"Segundo suspeito de matar ciclista durante assalto √© preso, no ES - G1 https://t.co/3tStsHx5Zn",2019-05-16 02:11:12 UTC,
Alice,q loucura esses assalto na unisul hj,2019-05-16 01:58:48 UTC,
Srt.Surtada ü§∑üèº‚Äç‚ôÄÔ∏è,"Todo dia um caso diferente ali perto do 628 de assalto, T√Å DEMAIS!",2019-05-16 01:55:22 UTC,
Livia.,"E essa tentativa de assalto na Maragogi, eu to..... ????????????qu√™, coragem viu",2019-05-16 01:51:20 UTC,
Oenning,"Crlh unisul t√° foda ultimamente, teve at√© assalto hj",2019-05-16 01:49:20 UTC,
Ana Carolina,"Madeireira sofreu uma tentativa de assalto

Adivinha quem tava dentro da madeireira",2019-05-16 01:49:07 UTC,
Alerta Rio 24 Horas,"Tentativa de assalto termina com um morto e dois presos na Pra√ßa Seca 

https://t.co/6dYyZp3OP0",2019-05-16 01:41:26 UTC,
Blog do Juares,Dupla √© presa acusada de assalto a pedestre em Camaqu√£ https://t.co/XcKtj1pXj2,2019-05-16 01:36:14 UTC,
aff,@OGlobo_Rio Teve assalto na americanas de Copacabana por volta desse hor√°rio .. estranho n√©,2019-05-16 01:33:00 UTC,
Fresh princess,"@klibreh N√£o, foi na frente no norte shopping, teve um assalto e os assaltantes fugiram, ai o PM saiu atirando c fuzil no meio da rua",2019-05-16 01:32:29 UTC,
Karyna.franco,Quase td dia t√° tendo assalto na porta do shopping,2019-05-16 01:26:43 UTC,
Ga√∫chaZH,Criminoso morto em confronto com a Brigada Militar era investigado por assalto a empresa de √¥nibus https://t.co/R4ENndELCN,2019-05-16 01:10:00 UTC,
Guedes,"@melodaph @qdudaz Hj teve assalto na esta√ß√£o do metropolitano, eu vi",2019-05-16 01:09:20 UTC,
Rafaella Marinho,"Tentativa de assalto agora no Norte Shopping, meu Deus, que desespero",2019-05-16 00:56:46 UTC,
‚ÑìœÖœÖ‚àÇ üèπ,"Mais um assalto a √¥nibus aqui em menos de uma semana, t√° virando costume j√°!!",2019-05-16 00:50:57 UTC,
Ingrid G.,"Gente essa favela t√° abandonada msm , tentativa de assalto na maragogi ??????? T√° de sacanagem üò∞",2019-05-16 00:47:07 UTC,
Lore Stark üëë,"Mais um dia normal indo pro ponto e presenciando um assalto na porta da faculdade 
Adrenalina pura",2019-05-16 00:46:55 UTC,
Portal do Urubui,Fam√≠lia √© feita ref√©m em casa durante assalto na Zona Norte de Manaus https://t.co/P4ZQkFmqyG,2019-05-16 00:46:13 UTC,
Nuvem,Assalto na Leos,2019-05-16 00:37:09 UTC,
Eduarda,"Toda semana ouvindo sobre assalto na unisul, cada vez mais saindo de l√° de noite com medo",2019-05-16 00:29:46 UTC,
ju,carajo acabou de ter um assalto aqui no shopping,2019-05-16 00:28:11 UTC,
Rio de Nojeira,"UM BANDIDO MORTO E 2 PRESOS 

Assalto agora h√° pouco na Lojas Americanas na Pra√ßa Seca.

#pra√ßaseca
#pmerj https://t.co/jg7AZo0dkk",2019-05-16 00:23:53 UTC,
Noticias capixabas,Suspeito de matar ciclista em Vit√≥ria √© preso com arma do crime e celular de v√≠tima - G1 https://t.co/iHD3CjuplP,2019-05-16 00:11:10 UTC,
kevin malvadeza üê∫,Gente t√° tendo onda de assalto na regi√£o da Unisul do campus pedra branca tomem cuidado,2019-05-15 23:58:53 UTC,
Favela Caiu No Face,"Assalto agora na loja Americana da pra√ßa seca.

Um bandido morto e dois presos no local. https://t.co/diGUWkgTar",2019-05-15 23:58:30 UTC,
Thaina,"Ah pronto, t√° tendo assalto agr na faculdade. Era s√≥ oq faltava pra completar a desgra√ßa q √© a faculdade",2019-05-15 23:53:04 UTC,
Itamaraju Not√≠cias,ITAMARAJU | Criminoso em moto realiza assalto a¬†pedestre https://t.co/jS5RV0XaHT https://t.co/oVGSlfC0HS,2019-05-15 23:49:38 UTC,
Jacarepagu√° Not√≠cias RJ,"üìå PRA√áA SECA | üö®ASSALTO

üìù "" Assalto nas Lojas Americanas,""",2019-05-15 23:49:07 UTC,
üö® Noticias do RJ üö®,"Tentativa de assalto a lojas Americanas na Pra√ßa seca, resultado, 2 presos e 1 morto. https://t.co/wWRPzH1R9X",2019-05-15 23:40:01 UTC,
Bia,Toda semana um assalto diferente na lojas americanas da pra√ßa,2019-05-15 23:33:27 UTC,
MONTE SINAI,"Assalto com ref√©m na lojas americanas da Pra√ßa Seca,no momentoüö®üö® Vou confirmar esse informe senhores",2019-05-15 23:22:32 UTC,
Hiel Levy,Veja esse assalto ousado no Uai¬†Shopping https://t.co/0QpMCQd1UG https://t.co/u0kxjhjPEB,2019-05-15 23:05:19 UTC,
A S T R O  B L A C K,"√â sinistro boy, a maldade no Brasil, acabei de ver um bagui de assalto em S√£o Paulo sinistro.",2019-05-15 22:51:04 UTC,
Neia,"Assalto na Uber, fiquem espertos https://t.co/VBLZMXnkOD via @YouTube #uber #99pop #YouTube #dica",2019-05-15 22:39:42 UTC,
Not√≠cias de Timon,Preso mais um suspeito do assalto ao banco de Campo Maior ap√≥s fazer homem ref√©m no PI https://t.co/Fzlcf55Gp2,2019-05-15 22:07:01 UTC,
bea ‚ú®,vi um assalto em gdlp hj que eu to nervosa at√© agr jesusss,2019-05-15 22:04:55 UTC,
surgiu.com.br,Dupla √© condenada a mais de 20 anos de pris√£o por assassinar idoso que reagiu a assalto https://t.co/Tk2IDWqgSJ https://t.co/XF5b2oT7Me,2019-05-15 22:04:24 UTC,
Ailton Corr√™a,Homem √© esfaqueado em tentativa de assalto em Treze de Maio=JORNAL ONLINE¬†AC https://t.co/eOQmhg2OpI https://t.co/zbgUKbuxoE,2019-05-15 21:43:37 UTC,
marinex,"gnt, pelamor. acabei de presenciar um assalto na avenida da uern. que sensa√ß√£o p√©ssima!",2019-05-15 21:23:00 UTC,
NE Not√≠cias,"Bandidos encapuzados e armados, renderam dois homens que estavam em um carro importado https://t.co/ByVqUX021D #Assalto #Aracaju",2019-05-15 21:15:02 UTC,
JONATHAN,Esse Graal √© um verdadeiro assalto,2019-05-15 21:00:28 UTC,
Segadas Vianna,Presos quatro suspeitos de assalto √† delegada e policial em Niter√≥i https://t.co/MXsFOA3D6V,2019-05-15 20:30:25 UTC,
G1 Tocantins,Dupla √© condenada a mais de 20 anos de pris√£o por assassinar idoso que reagiu a assalto https://t.co/zfphdIW58z,2019-05-15 20:26:35 UTC,
Pereira Jr.,Trio suspeito de assalto √© preso em flagrante por Policiais Militares nesta quarta-feira... https://t.co/JXKkdabZAI,2019-05-15 19:44:03 UTC,
Pantanal Not√≠cias MS,Bandido espanca mulher durante assalto em Campo¬†Grande https://t.co/gZQyJ7TFyN https://t.co/1HrXJ6AYW5,2019-05-15 19:27:33 UTC,
RIC Mais PR,Bandidos tocam o terror em assalto e rendem idosa https://t.co/hXtdh9dcjl,2019-05-15 19:15:25 UTC,
Kaboomga Videos,Aposentado morre ap√≥s ser v√≠tima de assalto https://t.co/iwzvy7T40r https://t.co/x6wD6qsFdH,2019-05-15 19:12:49 UTC,
Badalo,Suspeito de assalto em lan house √© identificado ap√≥s deixar rede social aberta em estabelecimento no Cear√° - https://t.co/o21j3eJZoP,2019-05-15 18:44:43 UTC,
Jornal de Sergipe,"Dois Homens Encapuzados Levam 170 Mil Reais Durante Assalto Na Beira-Ma

Leia a mat√©ria: https://t.co/DxPKTDlo8F",2019-05-15 18:37:50 UTC,
Nath,"mano minha m√£e toda vez manda foto de assalto com gente morta e eu odeio isso, j√° pedi pra ela n√£o mandar mas sempre manda",2019-05-15 18:34:46 UTC,
Edia,Presos quatro suspeitos de assalto √† delegada e policial em #Niter√≥i https://t.co/ywoZnDLWsb,2019-05-15 18:25:11 UTC,
Jailton Santana,Assalto na Beira Mar: dois homens encapuzados levam R$ 170 mil de um carro que abastecia https://t.co/67oxEGcE1Q,2019-05-15 18:21:57 UTC,
site_miseria,Veja o flagrante de jovem tentando assalto numa cl√≠nica no centro de Juazeiro https://t.co/JBQuGFpdPV,2019-05-15 17:37:11 UTC,
K√™nnia Fellipe,"@mboimirim1 @SegurancaSP Isso pq N√ÉO conhecem o Pq Novo Santo Amaro, assalto todos os dias. @prefsp @governosp",2019-05-15 17:33:13 UTC,
Jornal Correio,"Manifestante e suspeito de assalto s√£o presos em ato no Campo Grande, diz PM https://t.co/nzbUX9qwkC",2019-05-15 17:21:50 UTC,
Faxaju,Bandidos cometem assalto e levam grande valor em¬†dinheiro https://t.co/ajo7zStyCL https://t.co/UepuPzxSXn,2019-05-15 17:20:00 UTC,
RIC Mais PR,Tentativa de assalto no Ceasa de Curitiba assusta comerciantes https://t.co/VfVRs8hXPR https://t.co/4fYKG5Ffmh,2019-05-15 17:17:40 UTC,
Faxaju,Assalto na Beira Mar: dois homens encapuzados levam R$ 170 mil de um carro que¬†abastecima https://t.co/ZNAkyy0EVI,2019-05-15 16:55:09 UTC,
Theodora Chamarelli,INCRIVEL REA√á√ÉO DE MOTORISTA A ASSALTO NO RIO DE JANEIRO! https://t.co/69VrjeWLRB,2019-05-15 16:25:41 UTC,
Kaboomga Videos,Mulher √© arrastada ap√≥s reagir a assalto https://t.co/wEEW1f9IqV https://t.co/1AzVUn2XuD,2019-05-15 16:07:22 UTC,
MassaNews.com,"Suspeitas s√£o presas por envolvimento em quadrilha de assalto √† resid√™ncias #Londrina
https://t.co/7vPAbUSvOg https://t.co/q1reSaS6ll",2019-05-15 15:38:25 UTC,
Antonio Marcos,"Nova Igua√ßu na via light est√° tendo assalto todos os dias nos √¥nibus indo para Pavuna , t√° compricado Tino #Balan√ßoGeralRJ",2019-05-15 15:30:51 UTC,
G1 Santar√©m,"Fam√≠lia √© feita ref√©m durante assalto em uma resid√™ncia no bairro Aparecida, em Santar√©m https://t.co/Wyk0Qg2fFm",2019-05-15 15:26:17 UTC,
Pedal.com.br,"Assalto aconteceu na pra√ßa Antero de Quental, na Zona Sul do Rio. https://t.co/SGhmX1qaOh",2019-05-15 15:11:09 UTC,
EPoPEia,Flagrante: homem √© agredido por bandidos durante assalto em Teresina | Primeiro Impacto¬†(15/05/2019) https://t.co/0BfIur2vtH,2019-05-15 14:37:22 UTC,
Sao_Mateus_News,Durante assalto Senhora √© agredida por bandidos no bairro Cai√ßaras em S√£o Mateus ES https://t.co/2IqANOwLXW,2019-05-15 14:20:39 UTC,
A TARDE,C√¢mera de seguran√ßa flagra assalto a mercado em Porto Seguro https://t.co/6S7202yXLO https://t.co/U5A5b4tdNt,2019-05-15 14:16:19 UTC,
Click Sergipe,Marido tem pris√£o tempor√°ria por suspeita de matar a mulher a marretada em suposto assalto https://t.co/SWzpFyfTF5 https://t.co/uFF6YycSfR,2019-05-15 13:38:52 UTC,
BLOG DO NALDINHO,LEM: Caminhonete √© tomada de assalto https://t.co/5karRLPPhw https://t.co/QnXMZuqrxp,2019-05-15 13:34:38 UTC,
Jana Borges,@SuperVia_trens Esta√ß√£o de Santa Cruz 9:35 da manh√£ assalto dentro do trem de Santa Cruz a Tancredo Neves,2019-05-15 13:31:41 UTC,
F√°bio Piraj√°,Ciclista morto durante assalto na Cinco Pontes fazia o trajeto h√° mais 10 anos https://t.co/OYEdETyK9G,2019-05-15 13:18:00 UTC,
REDE GOSPEL VIDA,V√≠tima de assalto a √¥nibus de sacoleiros est√° com bala alojada no olho h√° mais de um m√™s https://t.co/ky9NoiNOT5,2019-05-15 13:07:21 UTC,
G1 AP,PM registra em Macap√° e Santana tr√™s casos de invas√µes e assalto em resid√™ncias https://t.co/i2vRcfthS6,2019-05-15 12:56:32 UTC,
Folha de Dourados,Momento de p√¢nico em MS: bandido espanca mulher durante assalto https://t.co/VXVSTPDO3E,2019-05-15 12:41:14 UTC,
Portal Engeplus,"Mercado √© alvo de assalto em Balne√°rio Arroio do Silva
https://t.co/rnAzWhRcjE",2019-05-15 12:40:36 UTC,
G1 ES,Suspeito de matar ciclista durante assalto em ponte na Grande Vit√≥ria √© preso https://t.co/K9DILmvx03,2019-05-15 12:16:26 UTC,
Israel Silva,"@RfTeixeira @luizguiprado Entendi, triste mano, Rj t√° entregue mesmo... um conhecido meu morreu domingo em um assalto em Duque de Caxias.",2019-05-15 12:14:00 UTC,
P.Senna,"L√° em S√£o Paulo em mat√©ria de roubo os cara √© artista, o assalto do carro forte mano q foda",2019-05-15 12:03:41 UTC,
BahiaNOW Revista,"Preso nesta segunda-feira, 13‚Ä≥ terceiro suspeito de assalto a √¥nibus na Linha¬†Verde https://t.co/WOMjsocaOs https://t.co/3ILSLkIsaX",2019-05-15 11:50:26 UTC,
Paulo Jos√©,PM prende suspeito de dois homic√≠dios e assalto ao Bradesco do Baian√£o-Porto Seguro https://t.co/B7OdsclETS,2019-05-15 11:45:32 UTC,
mirageral,Justi√ßa acata pedido de pris√£o contra marido de mulher morta em suposto assalto em¬†Aracaju https://t.co/89D2BSntpH https://t.co/pOAoAUE6gP,2019-05-15 11:43:21 UTC,
BLOG DO JO√ÉO OS√ìRIO,Apreendido menor de idade que usou fac√£o para tomar moto de assalto em Coelho Neto - MA https://t.co/2gCaSzgQPw,2019-05-15 11:35:50 UTC,
Laecio Vieira dois Santos,BRUTALIDADE: Idosa de 68 anos √© espancada durante assalto https://t.co/O93wOVi8nH,2019-05-15 11:20:57 UTC,
Domni Lander,Suspeitos de assalto se arrebentam em acidente durante persegui√ß√£o em #Manaus. https://t.co/Nr3s4ylb7C,2019-05-15 11:14:15 UTC,
R√°dio Liberdade de Caruaru,Suspeito de cometer assalto √© preso em Caruaru com arma e carro roubado - https://t.co/dPREOgHENi https://t.co/SNnRT240qk,2019-05-15 09:44:26 UTC,
CAOS no RIO,üóû Imagens mostram radialista baleado durante assalto em √¥nibus no Rio https://t.co/43EsAdUhQJ,2019-05-15 07:05:41 UTC,
CAOS no RIO,üóû Homem √© baleado em tentativa de assalto na linha Amarela (RJ) https://t.co/DEiHrnwQnP,2019-05-15 07:05:39 UTC,
Di√°rioSM,Propriet√°rio de agropecu√°ria √© agredido durante assalto em Cacequi https://t.co/85MnbSZTpj https://t.co/xDSrowCUbR,2019-05-15 06:23:29 UTC,
Blog do Edson Alves,BLOG DO EDSON ALVES | A Sua Rede de Not√≠cias: SUSPEITOS DE ASSALTO A BANCO NA BAHIA S√ÉO ACHADOS ... https://t.co/P62nMk0k5S,2019-05-15 06:12:04 UTC,
Cada Minuto AL,Suspeito de amarrar e despir mulher durante assalto √© preso em Delmiro Gouveia #cadaminuto https://t.co/qLNUB1niQH,2019-05-15 03:15:13 UTC,
Fabricio,Ciclista morre ap√≥s reagir a assalto em ponte de Vit√≥ria https://t.co/bD9kKC390H,2019-05-15 01:52:38 UTC,
paraibaonline,Bandidos fazem assalto em loja de material de constru√ß√£o em Campina¬†Grande https://t.co/lmkKmayQy7 https://t.co/JbB1vfc8Oj,2019-05-15 01:47:53 UTC,
Robson,"Tentativa de assalto no metr√¥ Bresser, pq a esta√ß√£o fecha os port√µes √†s 22 horas?",2019-05-15 01:17:23 UTC,
Leo Leite,@nolasqueira meteram o assalto na van do sbt,2019-05-15 01:09:27 UTC,
francys,"V√≠deo registra assalto √† pizzaria no bairro da Crema√ß√£o, em Bel√©m. Assista! https://t.co/jIrKUMsCKx https://t.co/FN86qEyLBE",2019-05-15 00:42:04 UTC,
PAN Alagoinhas News,Passageiros de √¥nibus coletivo vivem momentos de p√¢nico durante assalto em #Alagoinhas‚Ä¶ https://t.co/m9RFaY7VLM,2019-05-15 00:35:13 UTC,
seligachapada,Grupo que manteve ref√©ns em tentativa de assalto a banco em Barreiras √©¬†localizado https://t.co/dJApn8hmFD,2019-05-15 00:32:55 UTC,
Informativo em Foco,Mulheres s√£o v√≠timas de tentativa de assalto em Jo√£o Pessoa https://t.co/1MOfw6eW3C,2019-05-14 23:38:36 UTC,
Max Bezerra,Oper√°rio e bandido morrem durante assalto na regi√£o Oeste¬†potiguar https://t.co/gUMpYRTF4n https://t.co/yVI930HJfU,2019-05-14 23:13:49 UTC,
Cada Minuto AL,Suspeito de amarrar e despir mulher durante assalto √© preso em Delmiro Gouveia #cadaminuto https://t.co/B7oAEeWv78,2019-05-14 23:10:39 UTC,
Brasil Urgente,Comerciante √© morto por bandidos durante assalto. #BandJornalismo https://t.co/ArNUU4rsoK,2019-05-14 22:35:40 UTC,
Hugo Rodrigues,Caralho assalto na entrada de mgb irm√£o que isso!!!!????? üò®üò®üò®,2019-05-14 22:28:31 UTC,
Portal SBN,Ciclista reage a tentativa de assalto e √© morto a tiros na Ponte Florentino √Åvidos https://t.co/0KpNxog8wz via @,2019-05-14 22:12:13 UTC,
CBN Vit√≥ria,"Ciclista morre ap√≥s reagir a assalto enquanto passava pela Cinco Pontes, que liga a Ilha do Pr√≠ncipe a S√£o Torquato. https://t.co/Z7SI3Wnmfl",2019-05-14 22:11:55 UTC,
F5 News,Marido de mulher morta em suposto assalto √© preso em Aracaju https://t.co/WbHEf5bJSj,2019-05-14 22:04:34 UTC,
G1 Sergipe,Companheiro de mulher morta durante suposto assalto √© preso suspeito de ser mandante do crime https://t.co/OBXBBIz0xK,2019-05-14 21:40:08 UTC,
Marcelo,"@marcelopimentaf Ola, o assalto n√£o foi no Atacad√£o de N.Igua√ßu, foi em Cuiaba.
https://t.co/o9LIgWdWfC",2019-05-14 21:28:11 UTC,
Leco,"Namoral tem q andar armado aqui em Cosmos, n√£o t√° dando muito assalto.",2019-05-14 21:22:04 UTC,
Marcos Andrade @olhar juridico,Pol√≠cia suspeita que ordem para o assalto ao carro-forte partiu de detentos da PCE - Noticia https://t.co/5VqR1oB9PP,2019-05-14 21:15:21 UTC,
Alfenas Hoje,Assaltante que fez ref√©ns em tentativa assalto a banco √© morador de Alfenas https://t.co/Xl4EecyFSh,2019-05-14 20:56:17 UTC,
Boa vibe,@niltoncm_trx Assalto em Luanda,2019-05-14 20:36:58 UTC,
Arimatea Souza,Mulheres s√£o v√≠timas de tentativa de assalto em Jo√£o Pessoa  https://t.co/dZWyh0bK8U,2019-05-14 20:21:51 UTC,
GEANNE LOBACK üå∏,"Eu moro Atr√°s do batalh√£o do M√©ier, rua cheia de seguran√ßa, tem um assalto e ngm ver, como pode? üò•ü§¶üèª",2019-05-14 19:55:04 UTC,
Bil√∫üî•,"Largo do bic√£o hj t√° quente, j√° teve assalto e acidente.",2019-05-14 19:52:51 UTC,
Jo√£o Emanuel,@LucasJesus_018 esse trem ramal Gramacho fede a assalto,2019-05-14 19:38:15 UTC,
Renan Martins,"Realengo t√° um nojo de assalto, q isso",2019-05-14 19:36:12 UTC,
G1 Pernambuco,Cafeteria √© roubada duas vezes em um m√™s no Recife, veja v√≠deo do segundo assalto https://t.co/Zeh3aaHyfk,2019-05-14 19:34:32 UTC
Jornal da M√≠dia,Pol√≠cia prende terceiro envolvido em assalto a √¥nibus na Linha¬†Verde https://t.co/Wvn7tIDr3L https://t.co/STDTmCtS44,2019-05-14 19:33:59 UTC,
O Imparcial,Suspeitos de assalto a Uber s√£o presos na Cidade Oper√°ria https://t.co/FizExIJFpg,2019-05-14 19:12:08 UTC,
üßúüèª‚Äç‚ôÄÔ∏è,"teve assalto aqui no centro, o cu chega fecha",2019-05-14 19:10:38 UTC,
Me!,Outro assalto no Umuarama que inferno n√£o t√° dando vei vou andar com canivete aqui https://t.co/26bSZ4MW85,2019-05-14 19:05:27 UTC,
Tribuna do Sert√£o,Opera√ß√£o localiza trio que participou do assalto a banco em Barreiras https://t.co/ugZ9RfQa58,2019-05-14 19:00:57 UTC,
claudiopaguiar,Not√≠cias: Tr√™s suspeitos de assalto a banco na BA s√£o achado... https://t.co/KdIFo4qixC,2019-05-14 18:53:21 UTC,
Ibiapaba 24 Horas,IBIAPABA 24 HORAS: HOMEM √â PRESO PELA PM AP√ìS REALIZAR ASSALTO NO CENTRO DE UBAJARA: https://t.co/EXSa0QfPQR,2019-05-14 18:51:13 UTC,
Dedeza,voltou a ter assalto na Pereira que √≥dio,2019-05-14 18:49:12 UTC,
Maranh√£o Not√≠cia,ROTAM EM A√á√ÉO PRENDE SUSPEITOS DE PRATICAR ASSALTO EM¬†UBER https://t.co/kgw2inEgn1 https://t.co/lMONypPO7L,2019-05-14 18:31:25 UTC,
Renato da Sommexe,Idosa de 81 anos morre ap√≥s ser espancada durante assalto https://t.co/EpBrvkHayw,2019-05-14 18:18:32 UTC,
CAOS no RIO,üóû Assalto no Leblon gera persegui√ß√£o e tiros na zona sul do Rio https://t.co/B8zAKhPS4L,2019-05-14 18:15:32 UTC,
Dioguin,"Acabei de me livrar de um assalto na linha amarela

Deus aben√ßoe o Uno",2019-05-14 17:56:08 UTC,
keeping up with the suelen,"@escorpiane_ nunca vi assalto nenhum em igarassu more, esses eventos s√≥ acontecem na v√°rzea e olinda",2019-05-14 17:54:21 UTC,
Blog Louro Magalh√£es,Policia detalha opera√ß√£o que resultou em  tr√™s suspeitos de assalto a banco ¬†mortos em tiroteio¬† https://t.co/Lql54r7DF3,2019-05-14 17:53:56 UTC,
B√° Alves,"@lifraanco Al√©m disso o pessoal tava falando da quantidade de assalto que tem em super lota√ß√£o de barracas, queria tbm mas n√£o vai rolar!",2019-05-14 17:51:50 UTC,
Sao_Mateus_News,√â um assalto: Disse bandidos a comerciante no bairro Cai√ßaras em S√£o Mateus ES https://t.co/I9uEor9LuS,2019-05-14 17:41:48 UTC,
WORD_NEWS ¬Æ,Bandido √© detido com crise de riso ap√≥s vitima reagir ao assalto com letras de Gilberto Gil. https://t.co/eHib7O3VsG,2019-05-14 17:33:31 UTC,
brasilnoticiasorg,Tr√™s suspeitos de assalto a banco s√£o localizados e morrem em tiroteio com¬†policiais https://t.co/FDN8PnzZaI https://t.co/4q79eP71Cn,2019-05-14 17:29:18 UTC,
F√°bio Paulino Ribeiro,Pessoal algu√©m a√≠ tem not√≠cias do assalto no Atacad√£o em Palmas-To ?,2019-05-14 17:27:21 UTC,
Diga Salvador,Opera√ß√£o Integrada localiza grupo que participou de assalto a banco em Barreiras - https://t.co/Xo2oYPMqYx https://t.co/A2IRbmkBDS,2019-05-14 17:21:20 UTC,
Aninha,Que onda de assalto √© essa aqui em pg merm√£o,2019-05-14 16:50:51 UTC,
Bahia Ligada,Preso terceiro envolvido em assalto a √¥nibus na Linha Verde https://t.co/pDUR3tHtWj https://t.co/GjqlQJEZxY,2019-05-14 16:47:42 UTC,
TV Jornal,"Grupo de evang√©licos √© assaltado e suspeitos s√£o baleados ap√≥s o crime
https://t.co/jh38ldJpHv https://t.co/X7CVpwEbOG",2019-05-17 14:58:15 UTC,
Minas Hoje,Mototaxista foi assaltado e esfaqueado em S√£o Gotardo - Minas Hoje https://t.co/R43mVdD3Bt,2019-05-17 14:01:32 UTC,
- Negroooo,Soldado do Ex√©rcito √© assaltado em parada de √¥nibus. Confira em: https://t.co/gmDSVP6Ufr #R√°dioCaxias #CaxiasDoSul,2019-05-17 12:55:55 UTC,
Bruno Mezzomo,"Jovem √© assaltado em escadaria da Pra√ßa Centen√°rio, no centro de Bento https://t.co/zQtQ5Nxkos #Noticia",2019-05-17 12:04:24 UTC,
Thayüåª,Chateada que ontem o boy foi assaltado no √¥nibus da Machado. Ainda n√£o superei üòïüôÅ,2019-05-17 10:05:04 UTC,
√âlio Kohut,vPosto de combust√≠veis √© assaltado em Imbituva https://t.co/0LryGl8hCs https://t.co/7oKAJpodZM,2019-05-17 05:59:44 UTC,
PLANT√ÉO POLICIAL,"Estudante √© amea√ßada e assaltada por adolescente, em Belo Oriente PLANT√ÉO POLICIAL - https://t.co/bcYZsfLNov https://t.co/TwFJtCKEAF",2019-05-17 14:43:16 UTC,
jo√£o felipe biancardi,"gente, a boca de fumo de queimados foi assaltada de novo????",2019-05-17 14:30:54 UTC,
Denise santos,V√≠deo: turista que viaja pelo Nordeste de bicicleta √© assaltada e espancada em Macei√≥ https://t.co/WZSkXH8n8g via @PortalTNH1,2019-05-17 14:16:09 UTC,
larissa,"J√° to desanimando de morar em Sama, j√° n√£o √© a primeira vez que sou assaltada aqui. Quero voltar pra ro√ßa",2019-05-17 12:42:27 UTC,
Minas Hoje,"Casal de idosos, de 74 e 91 anos, teve casa assaltada em Te√≥filo Otoni, bandidos levaram cerca R$ 3,500 - Minas Hoje https://t.co/dPL72nOEI9",2019-05-17 12:38:49 UTC,
larissa,"Em plena sexta, 6:50 da manh√£, indo pra ufes, sou assaltada no ponto de √¥nibus",2019-05-17 12:25:44 UTC,
Blog do Juares,Farm√°cia √© assaltada no bairro Vi√©gas em Camaqu√£ https://t.co/20isPN8STN,2019-05-17 11:57:01 UTC,
Sistema MPA,Equipe de venda de lotes √© assaltada no povoado de Ripas https://t.co/8hQG8kDKuh,2019-05-17 11:28:30 UTC,
‚ÑúùîûùîÆùî≤ùî¢ùî©ü¶ã,Vou para massama com uma mala da Lacoste ou sou assaltada ou sou violada e assaltada,2019-05-17 11:23:45 UTC,
Altair Barroso,Pol√≠cia recupera caminh√£o durante roubo de carga no Rio | Rio de Janeiro | G1 https://t.co/ks2PcPuIUm,2019-05-17 15:03:00 UTC,
falandoseriobacabal,HOMEM √â PRESO POR CRIME DE ROUBO MAJORADO E ASSOCIA√á√ÉO CRIMINOSA EM PRESIDENTE DUTRA.: A‚Ä¶ https://t.co/9q0DjnndE3,2019-05-17 14:45:35 UTC,
Takayoshi Tuboni,Pol√≠cia recupera caminh√£o durante roubo de carga no Rio | Rio de Janeiro | G1 https://t.co/9boqn9d8eZ,2019-05-17 14:24:15 UTC,
SimNot√≠cias,Pol√≠cia Rodovi√°ria recupera ve√≠culo roubado e apreende maconha em fiscaliza√ß√£o na BR 101  https://t.co/jkq8Ucu8Ah https://t.co/45McEzxMv5,2019-05-17 15:00:57 UTC,
Nem dos dramas!üé≠sdv,"Carro da minha prima foi roubado hj em Ouro Preto, Olinda, √© um Palio cinza, placa KLD 6157, se souber informa√ß√µes, fala no inbox.",2019-05-17 14:11:10 UTC,
portalgazetadigital,"Em V√°rzea Grande, ap√≥s roubar o celular de um motorista de aplicativo de transportes homem √© preso.
#GazetaDigital

https://t.co/hla5ssO30D",2019-05-17 13:45:19 UTC,
Max,"Moto roubada ontem em Quintino 
@GMRio @OperacoesRio @OperacoesSegov @OperacoesRj @DetranRJ https://t.co/bdW3Uaoinv",2019-05-17 15:00:56 UTC,
Karen Alves ü¶ã,"@layslima00 Era em manguinhos, disseram que foi carga roubada!!!",2019-05-17 14:45:25 UTC,
Portal Costa Norte,"Homem √© preso por recepta√ß√£o de moto roubada, em Cara√∫bas https://t.co/FYE7oh2bQl",2019-05-17 14:37:24 UTC,
ILH√âUS.NET,ILH√âUS: HOMEM √â ASSASSINADO EM LAVA JATO NO MALHADO #SextaDetremuraSDV https://t.co/511Qa6tfu0 https://t.co/XP8kMkJEgm,2019-05-17 14:53:45 UTC,
RICTV Record SC,Homem √© assassinado com tr√™s tiros no Norte do Estado. #NDMais https://t.co/nXQfhZnqTz,2019-05-17 14:27:02 UTC,
JANILTON JESUS,Homem √© assassinado em Quijingue-BA esposa √© acusada de pagar R$ 40 reais pelo crime https://t.co/nRkuymMd3P,2019-05-17 14:12:17 UTC,
sensuellen‚ôà‚ö†Ô∏èüíï,Venezuelanos:  Casal √© assassinado com 18 facadas no pr√≥prio s√≠tio https://t.co/zvTunpMdni,2019-05-17 14:05:41 UTC,
L√©o Ferreira,Em Alhandra: Homem √© assassinado com v√°rios disparos de arma de fogo na cabe√ßa https://t.co/GffFIG3n2O,2019-05-17 13:57:24 UTC,
constancio negaro,Colaborador de vereador ouvido no caso Marielle Franco √© assassinado no Rio https://t.co/DWc3ZpWzZB,2019-05-17 13:48:37 UTC,
Fala Serio,Homem √© assassinado a tiros na zona rural de Cana√£ dos¬†Caraj√°s https://t.co/kg83su0whk https://t.co/HwNC52xX50,2019-05-17 13:33:45 UTC,
Isabela,Advogado ÔøΩ assassinado dentro de casa na Grande BH https://t.co/CYm8xX8vhd,2019-05-17 13:11:28 UTC,
JH Not√≠cias,BRIGA POR MULHER ‚Äì Haitiano √© assassinado com facada no cora√ß√£o, suspeito foi¬†preso https://t.co/gj3ke0jY7D https://t.co/8FULPjt1nG,2019-05-17 12:54:46 UTC
Genefax,FEIRA T√Å BARRIL: Homem √© brutalmente assassinado com tiros no olho e na cabe√ßa https://t.co/wyfXOvTbuZ,2019-05-17 12:42:44 UTC,
Estado Online,Mais um policial militar assassinado a tiros. Ato criminoso foi no¬†Tenon√© https://t.co/JO3nzBDig7 https://t.co/CyckrvhcBS,2019-05-17 12:34:05 UTC,
Radio Web Juazeiro,"CASAL √â ASSASSINADO COM V√ÅRIOS DISPARO DE ARMA DE FOGO EM JUAZEIRO, BA https://t.co/ytyuWwplba https://t.co/9ZG6B2sRUN",2019-05-17 12:33:04 UTC,
Clebson Amsterdan,Rapaz assassinado na orla da Praia da Concei√ß√£o em Paulista¬†(PE) https://t.co/tMEQ1yLUQe https://t.co/DI6IvKB8ux,2019-05-17 12:08:06 UTC,
Clebson Amsterdan,"Rapaz de 26 anos, assassinado a tiros no Cabo de Santo¬†Agostinho https://t.co/6UBrnY744Q https://t.co/aKQ9oyl1n8",2019-05-17 11:59:08 UTC,
Clebson Amsterdan,RECIFE: Homem assassinado a tiros no bairro de¬†Afogados https://t.co/DB5Q5MpH2s https://t.co/6OQV1xpTQ7,2019-05-17 11:48:54 UTC,
Jornal A Not√≠cia,Homem √© assassinado em frente √† casa em Joinville https://t.co/N1xK7F4w6C,2019-05-17 11:47:21 UTC,
caet,eu to muito triste c o hino sendo assassinado,2019-05-17 11:29:19 UTC,
Intentona Comunista,‚ÄúQuando a pol√≠cia dele vai parar de matar trabalhadores e pai de fam√≠lia?‚Äù - diz m√£e de atleta assassinado no Alem√£o https://t.co/nwQSRx67pE,2019-05-17 11:01:52 UTC,
Jornal O Columinho,"PROFESSOR FOI ASSASSINADO COM GOLPES DE FACA, ASFIXIADO E TEVE O CORPO QUEIMADO. https://t.co/9NP6ds1VrX",2019-05-17 10:47:56 UTC,
R√°dio Porto Feliz,Homem √© assassinado a facadas em frente a bar no Oeste -  https://t.co/mdgBikQXlb via @radioportofeliz,2019-05-17 10:34:32 UTC,
Jornal Cotia Agora,"Taxista √© assassinado em Cotia e Pol√≠cia Civil busca pistas do criminoso
https://t.co/GboUv76yGT",2019-05-17 10:07:45 UTC,
AcordaCidade.com.br,Homem √© assassinado com v√°rios tiros em residencial no bairro Santo Ant√¥nio dos Prazeres https://t.co/89YLO76Rzs,2019-05-17 09:48:50 UTC,
Bianca Figueira,"Mais uma... üò•üò•üò•

URGENTE: Mais uma Trans, assassinada nesta madrugada na Barra Funda, zona Oeste de S√£o Paulo. https://t.co/0cGaS5Vd0Z",2019-05-17 12:10:45 UTC,
tvi24,Gr√°vida √© assassinada e beb√© removido √† for√ßa nos EUA https://t.co/ugtul9dfWe,2019-05-17 10:55:27 UTC,
Di√°rio Sobralense,BARB√ÅRIE: Parente afirma que jovem assassinada em Sobral foi atra√≠da para o local do crime https://t.co/PSDgJWsCYc https://t.co/hV9AJ0R9u3,2019-05-16 22:01:32 UTC,
OmeioArt√≠stico,C√¢mera Record mostra o drama de quem teve a m√£e assassinada pelo¬†companheiro https://t.co/DJGEBDvMQ7 https://t.co/gXW8mXALtC,2019-05-16 20:03:32 UTC,
Ipu Online,Quatro pessoas s√£o presas por agredir jovem assassinada em Sobral https://t.co/FnBXYg0Rw5 https://t.co/Kt0jAGMucx,2019-05-16 18:56:02 UTC,
Ipu Online,Travesti √© assassinada com tiros na cabe√ßa e no peito https://t.co/ey9GMkyDpD https://t.co/HNRvZKlnRz,2019-05-16 18:42:18 UTC,
Tribuna do Cear√°,"Fam√≠lia de transexual morta a pauladas em S√£o Paulo lutar√° por justi√ßa
https://t.co/VSdStlW64E",2019-05-16 18:21:09 UTC,
CGN‚Ñ¢,Faca usada em assassinato no Verona foi apreendida https://t.co/X66DJJot7p,2019-05-17 14:49:19 UTC,
Correio do Vale,Imagens de c√¢meras de monitoramento registraram o assassinato a facadas de um haitiano de 25 anos no https://t.co/yb0C95zEEr,2019-05-17 14:19:02 UTC,
ARede,Pol√≠cia Civil encontra foragido por assassinato no Costa Rica https://t.co/lP4TRhp80F https://t.co/foq7csD3i4,2019-05-17 14:09:36 UTC,
aline,ah sei l√° teve tiroteiro fora do lolla ontem e eu s√≥ n√£o queria morrer kkkkkkkkkk,2019-05-12 14:21:35 UTC,
sofi,tao sabendo q rolo um tiroteiro na pra√ßa da espanha? ainda bem q eu tava na trajano hj,2019-05-12 05:50:09 UTC,
Silva üåö,Que papo √© esse de tiroteiro na 13 gnt?,2019-05-11 14:23:45 UTC,
R√°dio 93FM,Tiroteiro fecha BR-101 em Angra Dos Reis. https://t.co/OObn4jRwgx,2019-05-09 15:05:32 UTC,
miss stark,"n√£o sei o que √© pior 
ficar presa no engarrafamento ou ficar apavorada pq cada vez mais rs perto do tiroteiro da penha",2019-05-14 22:09:39 UTC,
Ana H,"@Cecireiis Siiim, tava no Lolla e o tiroteiro foi na pra√ßa",2019-05-12 15:51:12 UTC,
G1,"M√°rcio foi morto a tiros no dia 19 de setembro de 2018, quando chegava na casa dele https://t.co/KbOhupP8Sv #G1",2019-05-17 15:15:00 UTC,
Jo√£o Marcolino,* Apodi: Popular √© morto a tiros na comunidade de Santa Rosa. https://t.co/VpUpgtX2s0,2019-05-17 15:07:41 UTC,
PLANT√ÉO POLICIAL,Ex-presidi√°rio √© morto a tiros por preso que estava com benef√≠cio de sa√≠da¬†tempor√°ria https://t.co/9cb8VI5957 https://t.co/0hIgVE7oNk,2019-05-17 14:59:23 UTC,
TV Liberal,Homem √© condenado por matar mulher a tiros na Pedreira | Par√° | G1 https://t.co/F8RPHKAkVT,2019-05-17 14:52:31 UTC,
G1 Paran√° Oeste,"Imagens mostram PMs atirando em carro de rapaz durante abordagem, em Curitiba; tiros come√ßaram antes de persegu... https://t.co/CbYVsLMvxe",2019-05-17 14:52:06 UTC,
ESPA√áO MILITAR,"BANDIDOS ATERRORIZAM, TROCAM TIROS COM POLICIAIS, INVADEM RESID√äNCIAS E CONTINUAM SOLTOS - https://t.co/YuACBfmlKD https://t.co/POgSCifSa1",2019-05-17 14:33:52 UTC,
ND Mais,Homem √© assassinado com tr√™s tiros no Norte do Estado. #NDMais https://t.co/gkhmuJlyab,2019-05-17 14:27:02 UTC,
Portal P√©rola,"Ap√≥s troca de tiros, PRF recupera carro e celulares roubados de caminhoneiros na R√©gis Bittencourt https://t.co/bFi6MKdlRH",2019-05-17 14:13:47 UTC,
RIC Mais PR,Homem √© morto por tiros quando chegava em casa em Colombo https://t.co/WePcBOZoAg,2019-05-17 14:10:36 UTC,
JœÖli–∏ üí∏,"mais um dia normal no bom pastor, onde vc n√£o √© acordado com barulho de p√°ssaros, mas sim de tiros üòÇüòÇüòÇüòÇüòÇ https://t.co/FyeHPYr8z9",2019-05-17 13:54:51 UTC,
G1 Acre,Adolescente baleado na cabe√ßa durante tiroteio n√£o resiste e morre em hospital no AC https://t.co/khQ1biFAl8,2019-05-17 15:08:37 UTC,
Valfredo,"Apenado √© baleado ao tentar roubar agente penitenci√°rio em Vilhena, RO https://t.co/5ohY31n5J1",2019-05-17 14:26:06 UTC,
G1 Zona da Mata,Jovem morre ap√≥s ser baleado no rosto em Juiz de Fora https://t.co/hH2S1viKIU,2019-05-17 13:36:15 UTC,
#Onoroeste,Falso policial √© detido ao render adolescente e ser baleado pela PM em MT | Mato¬†Grosso https://t.co/aJzt3szE9F,2019-05-17 13:21:58 UTC,
Noticias do Brasil,M√£e de menino baleado na Vila Alian√ßa n√£o consegue voltar para casa: 'Traumatizada' - Extra https://t.co/vckrWK19up,2019-05-17 13:21:24 UTC,
OlharCidade.com.br,"Jovem √© baleado ap√≥s se passar por policial e tentar sequestrar adolescente em Terra Nova do Norte
https://t.co/UincLCHwhv",2019-05-17 13:06:19 UTC,
Portal Engeplus,"Homem √© baleado em tentativa de assalto em Jaguaruna
https://t.co/rAF20iFMvi",2019-05-17 12:24:47 UTC,
MassaNews.com,"Trabalhador √© baleado e morto ao chegar em casa em Colombo
https://t.co/aaYhnn2AWQ https://t.co/fGLnuNZUtN",2019-05-17 12:07:24 UTC,
G1 Grande Minas,Jovem √© baleado enquanto passava de carro por avenida em Montes Claros https://t.co/LjjIeU1MDs,2019-05-17 11:52:26 UTC,
ABNERLUIZ.COM,Militar Baleado na cabe√ßa no bairro da Terra Firme ontem √† noite. T√° s√©ria a coisa. 19 militares da ativa e da reserva s√≥ em 2019.,2019-05-17 11:12:02 UTC,
Kaboomga Videos,VARGINHA | FUNCION√ÅRIO BALEADO EM ASSALTO NA PORTA DE BANCO SE RECUPERA EM CASA https://t.co/0c7iTt6POE https://t.co/PRdGXmRCsh,2019-05-17 10:32:15 UTC,
Portal Guaira,Ipor√£ - Jovem √© baleado √† queima-roupa e morre https://t.co/pyYu6WEAQV,2019-05-17 10:00:09 UTC,
CAOS no RIO,üóû Fam√≠lia de jovem baleado no Complexo do Alem√£o tenta provar inoc√™ncia do rapaz (RJ) https://t.co/3GBUC2zkwy,2019-05-17 07:02:15 UTC,
Favela Caiu No Face,"Comunidade  Do Arara #CV ( Benfica ) 

 Essa √© a Moradora da Comunidade  do Arara foi Baleado na Perna https://t.co/UVEE8o4PR7",2019-05-17 04:45:02 UTC,
MassaNews.com,"Adolescente √© baleada pelo ex-namorado em Colombo
https://t.co/Nni1ABJwnr https://t.co/82VCmU82Y1",2019-05-16 20:42:37 UTC,
Luiz Orioni,Crian√ßa baleada com tiro de fuzil nas costas morre em hospital https://t.co/apydwcvHuV,2019-05-16 19:51:05 UTC,
Isaac Santos,Crian√ßa baleada em tiroteio na Vila Alian√ßa tem morte cerebral https://t.co/agZcusltmZ via @radiotupi,2019-05-16 14:23:19 UTC,
CAOS no RIO,üóû RJ: crian√ßa baleada com tiro de fuzil nas costas tem morte cerebral https://t.co/JofujRje4h,2019-05-16 14:07:22 UTC,
